{
  "timestamp": 1770628395.0144722,
  "report_type": "comprehensive_threat_analysis",
  "system_status": {
    "timestamp": 1770628395.0144536,
    "lifecycle": {
      "total_entities": 3,
      "active": 3,
      "hibernating": 0,
      "by_domain": {
        "quantum_domain": 3
      },
      "quantum_entangled": 3,
      "timestamp": "2026-02-09T09:13:15.014215"
    },
    "quantum_scan": {
      "timestamp": 1770628395.014221,
      "total_entities": 3,
      "threats_detected": 0,
      "corrections_needed": 0,
      "measurements": [
        {
          "timestamp": 1770628395.0142362,
          "entity_id": "detector_1",
          "threat_level": 0.1567116855897431,
          "entanglement_quality": 0.82,
          "error_count": 0,
          "state_coherence": 1.0,
          "domain": "detector_2",
          "location": [
            17.677669529663685,
            17.677669529663685,
            17.677669529663685
          ]
        },
        {
          "timestamp": 1770628395.0142612,
          "entity_id": "detector_2",
          "threat_level": 0.15671182864089056,
          "entanglement_quality": 0.82,
          "error_count": 0,
          "state_coherence": 1.0,
          "domain": "detector_1",
          "location": [
            17.677669529663685,
            17.677669529663685,
            17.677669529663685
          ]
        },
        {
          "timestamp": 1770628395.01428,
          "entity_id": "detector_3",
          "threat_level": 0.15671193235297248,
          "entanglement_quality": 0.82,
          "error_count": 0,
          "state_coherence": 1.0,
          "domain": "detector_1",
          "location": [
            17.677669529663685,
            17.677669529663685,
            17.677669529663685
          ]
        }
      ],
      "overall_coherence": 1.0,
      "safety_level": 1.0
    },
    "safety": {
      "status": "optimal",
      "safety_level": 1.0,
      "correction_rate": 1.0,
      "total_entities": 3,
      "safe_entities": 3,
      "threats_active": 0,
      "corrections_needed": 0,
      "timestamp": 1770628395.014453
    },
    "integrated_threat_level": 0.0
  },
  "threat_map": {
    "timestamp": 1770628395.014469,
    "grid_resolution": 10,
    "scan_radius": 50.0,
    "max_threat": 0.15671278112311407,
    "threat_map": {
      "3,3,3": 0.15671161883254095
    },
    "total_measurements": 9,
    "hotspots": []
  },
  "measurement_count": 9,
  "recommendations": [
    "System operating optimally - maintain current monitoring"
  ]
}