{
  "timestamp": 1770628288.3480277,
  "total_entities": 4,
  "threats_detected": 0,
  "corrections_needed": 0,
  "measurements": [
    {
      "timestamp": 1770628288.3480625,
      "entity_id": "entity_alpha",
      "threat_level": 0.15671021454711004,
      "entanglement_quality": 0.82,
      "error_count": 0,
      "state_coherence": 1.0,
      "domain": "entity_beta",
      "location": [
        17.677669529663685,
        17.677669529663685,
        17.677669529663685
      ]
    },
    {
      "timestamp": 1770628288.3480995,
      "entity_id": "entity_beta",
      "threat_level": 0.156710466078711,
      "entanglement_quality": 0.76,
      "error_count": 0,
      "state_coherence": 1.0,
      "domain": "entity_alpha",
      "location": [
        17.677669529663685,
        17.677669529663685,
        17.677669529663685
      ]
    },
    {
      "timestamp": 1770628288.348126,
      "entity_id": "entity_gamma",
      "threat_level": 0.1567105984010224,
      "entanglement_quality": 0.82,
      "error_count": 0,
      "state_coherence": 1.0,
      "domain": "entity_alpha",
      "location": [
        17.677669529663685,
        17.677669529663685,
        17.677669529663685
      ]
    },
    {
      "timestamp": 1770628288.3481472,
      "entity_id": "entity_delta",
      "threat_level": 0.1567107021131043,
      "entanglement_quality": 0.76,
      "error_count": 0,
      "state_coherence": 1.0,
      "domain": "entity_gamma",
      "location": [
        17.677669529663685,
        17.677669529663685,
        17.677669529663685
      ]
    }
  ],
  "overall_coherence": 1.0,
  "safety_level": 1.0
}