{
  "timestamp": 1770628334.6496193,
  "total_entities": 4,
  "threats_detected": 0,
  "corrections_needed": 0,
  "measurements": [
    {
      "timestamp": 1770628334.6496375,
      "entity_id": "entity_alpha",
      "threat_level": 0.4767100536145692,
      "entanglement_quality": 0.26,
      "error_count": 0,
      "state_coherence": 1.0,
      "domain": "entity_beta",
      "location": [
        17.677669529663685,
        17.677669529663685,
        17.677669529663685
      ]
    },
    {
      "timestamp": 1770628334.6497035,
      "entity_id": "entity_beta",
      "threat_level": 0.4767103635587221,
      "entanglement_quality": 0.19999999999999998,
      "error_count": 0,
      "state_coherence": 1.0,
      "domain": "entity_alpha",
      "location": [
        17.677669529663685,
        17.677669529663685,
        17.677669529663685
      ]
    },
    {
      "timestamp": 1770628334.649733,
      "entity_id": "entity_gamma",
      "threat_level": 0.4767105054177766,
      "entanglement_quality": 0.26,
      "error_count": 0,
      "state_coherence": 1.0,
      "domain": "entity_alpha",
      "location": [
        17.677669529663685,
        17.677669529663685,
        17.677669529663685
      ]
    },
    {
      "timestamp": 1770628334.649759,
      "entity_id": "entity_delta",
      "threat_level": 0.4767106234349733,
      "entanglement_quality": 0.19999999999999998,
      "error_count": 0,
      "state_coherence": 1.0,
      "domain": "entity_gamma",
      "location": [
        17.677669529663685,
        17.677669529663685,
        17.677669529663685
      ]
    }
  ],
  "overall_coherence": 1.0,
  "safety_level": 1.0
}