{
  "timestamp": 1770628333.648494,
  "total_entities": 4,
  "threats_detected": 0,
  "corrections_needed": 0,
  "measurements": [
    {
      "timestamp": 1770628333.6485124,
      "entity_id": "entity_alpha",
      "threat_level": 0.1592120575227265,
      "entanglement_quality": 0.82,
      "error_count": 0,
      "state_coherence": 1.0,
      "domain": "entity_beta",
      "location": [
        17.677669529663685,
        17.677669529663685,
        17.677669529663685
      ]
    },
    {
      "timestamp": 1770628333.6485395,
      "entity_id": "entity_beta",
      "threat_level": 0.15921222322363898,
      "entanglement_quality": 0.76,
      "error_count": 0,
      "state_coherence": 1.0,
      "domain": "entity_alpha",
      "location": [
        17.677669529663685,
        17.677669529663685,
        17.677669529663685
      ]
    },
    {
      "timestamp": 1770628333.6485581,
      "entity_id": "entity_gamma",
      "threat_level": 0.15921232455153508,
      "entanglement_quality": 0.82,
      "error_count": 0,
      "state_coherence": 1.0,
      "domain": "entity_alpha",
      "location": [
        17.677669529663685,
        17.677669529663685,
        17.677669529663685
      ]
    },
    {
      "timestamp": 1770628333.6485796,
      "entity_id": "entity_delta",
      "threat_level": 0.1592124032296662,
      "entanglement_quality": 0.76,
      "error_count": 0,
      "state_coherence": 1.0,
      "domain": "entity_gamma",
      "location": [
        17.677669529663685,
        17.677669529663685,
        17.677669529663685
      ]
    }
  ],
  "overall_coherence": 1.0,
  "safety_level": 1.0
}